P,D,Q,RMSE,RSS,MSE,MAE,MAPE,R2,AIC,BIC
4,0,5,228.2129128705707,31218569.50669552,156092.84753347756,139.43648813300987,,-17096291.61035257,2490.6794529918657,2524.7620657795287
4,1,5,0.1828976574850322,8.410160740671211,0.042050803703356066,0.15776145918751847,,-3.178810273965409,2411.8509310003687,2444.8341046658497
4,2,5,2.3082597956150406,2274.6413601126455,11.373206800563231,1.727547667599203,,-681.5166479424319,2409.944338154595,2442.9275118200753
4,3,5,2.5424066358028226,3197.372466821633,15.986862334108167,1.8175114395206797,,-6593.889828514036,2440.3030307539207,2474.3856435415837
4,4,5,4.7441834905744225,12802.93095224174,64.01465476120872,3.30246968026931,,-3714.803719283831,2379.071321788496,2412.0544954539764
4,5,5,6.12122235576324,21542.280500181885,107.71140250090944,4.26170649831256,,-44650.4764347788,2476.014799410335,2510.0974121979984
